date,count,count_positive,count_negative,quotient,count_mean_7,count_positive_mean_7,count_negative_mean_7,quotient_mean_7,incidence,hospitalizations,icu_ratio,icu_ratio_mean_7,phase
2021-12-27,40727,288,40439,0.007071475925062,39358.8571428571,192.571428571429,39166.2857142857,0.00489270884752751,232.9,6.69,0.1697610590894414,0.17507918025419533,Phase 7
2021-12-28,49870,276,49594,0.00553438941247243,41183,207,40976,0.00502634582230532,229.9,6.55,0.16621703241393196,0.17271203027071974,Phase 7
2021-12-29,53193,340,52853,0.00639181847235539,43130.8571428571,229,42901.8571428571,0.00530942381324607,224,6.43,0.16166020671834624,0.17020101135799462,Phase 7
2021-12-30,54187,407,53780,0.00751102663000351,44290.1428571429,260.714285714286,44029.4285714286,0.00588650812338121,224.9,6.4,0.15840181354491356,0.1676565746798088,Phase 7
2021-12-31,62442,406,62036,0.00650203388744755,46933.1428571429,291.285714285714,46641.8571428571,0.00620639694154603,232.7,6.41,0.1555699902565768,0.16514214077051573,Phase 7
2022-01-01,21070,315,20755,0.0149501661129568,45261.4285714286,314,44947.4285714286,0.00693747435533251,241.2,6.47,0.15557634426096154,0.16265862722477342,Phase 7
2022-01-02,43667,393,43274,0.00899993129823437,46450.8571428571,346.428571428571,46104.4285714286,0.00745795864139059,245.7,6.47,0.15477207108291652,0.16027978819529828,Phase 7
2022-01-03,58516,677,57839,0.0115694852689863,48992.1428571429,402,48590.1428571429,0.00820539736692473,250.7,6.49,0.1535789303603167,0.15796805551970905,Phase 7
2022-01-04,58735,696,58039,0.0118498340001703,50258.5714285714,462,49796.5714285714,0.00919246184019783,264.5,6.56,0.1473067351689813,0.15526658448471609,Phase 7
2022-01-05,58660,608,58052,0.0103648141834299,51039.5714285714,500.285714285714,50539.2857142857,0.00980191839944917,290,6.5,0.14255404323458767,0.15253713255846488,Phase 7
2022-01-06,59480,542,58938,0.00911230665770007,51795.7142857143,519.571428571429,51276.1428571429,0.0100311663954547,317.4,6.43,0.13785224676313784,0.14960148016106833,Phase 7
2022-01-07,59497,611,58886,0.0102694253491773,51375,548.857142857143,50826.1428571429,0.0106833507125478,335.2,6.16,0.13555787278415016,0.14674260623643595,Phase 7
2022-01-08,61916,588,61328,0.00949673751534337,57210.1428571429,587.857142857143,56622.2857142857,0.0102754007156573,367.6,6.41,0.13349983886561392,0.1435888197513863,Phase 7
2022-01-09,64687,669,64018,0.0103421089245134,60213,627.285714285714,59585.7142857143,0.0104177787900572,395,6.56,0.13219435356839937,0.1403634315350267,Phase 7
2022-01-10,69053,874,68179,0.0126569446656916,61718.2857142857,655.428571428571,61062.8571428571,0.0106196820576444,406,6.49,0.13022044088176352,0.13702650446666198,Phase 7
2022-01-11,65651,814,64837,0.0123988971988241,62706.2857142857,672.285714285714,62034,0.0107211853903915,427.3,6.35,0.12542265006563508,0.13390020659475538,Phase 7
2022-01-12,65784,873,64911,0.013270704122583,63724,710.142857142857,63013.8571428571,0.0111440408188886,453.3,6.08,0.1212217626471524,0.13085273793940747,Phase 7
2022-01-13,62126,870,61256,0.01400379873161,64102,757,63345,0.0118093039218745,482,6.02,0.11731555343890146,0.1279189246073737,Phase 7
2022-01-14,64350,1014,63336,0.0157575757575758,64795.2857142857,814.571428571429,63980.7142857143,0.0125714613276539,515.4,6.13,0.11393611949785476,0.1248301027093315,Phase 7
2022-01-15,71638,945,70693,0.0131913230408442,66184.1428571429,865.571428571429,65318.5714285714,0.0130782297874545,545.3,6.21,0.11174590491410308,0.12172239785911566,Phase 7
2022-01-16,61431,1079,60352,0.0175644218716934,65719,924.142857142857,64794.8571428571,0.0140620346801208,569.7,6.28,0.10995268265297939,0.11854501629976995,Phase 7
2022-01-17,65309,1483,63826,0.0227074369535592,65184.1428571429,1011.14285714286,64173,0.0155120986918378,583.9,6.35,0.10940552609545073,0.11557145704458241,Phase 7
2022-01-18,64890,1366,63524,0.021051009400524,65075.4285714286,1090,63985.4285714286,0.0167497936460547,618.8,6.57,0.10616192978266062,0.11281992557558607,Phase 7
2022-01-19,67606,1514,66092,0.0223944620299973,65335.7142857143,1181.57142857143,64154.1428571429,0.0180846179075107,667.6,6.88,0.10225192965703828,0.1101099494341412,Phase 7
2022-01-20,66963,1602,65361,0.0239236593342592,66026.7142857143,1286.14285714286,64740.5714285714,0.0194791285778267,729.8,7.25,0.09722663699936428,0.10724010422849302,Phase 7
2022-01-21,70243,1635,68608,0.0232763407029882,66868.5714285714,1374.85714285714,65493.7142857143,0.0205605879336865,802.5,7.61,0.09625029854310962,0.10471355837781514,Phase 7
2022-01-22,75388,1494,73894,0.0198174775826391,67404.2857142857,1453.28571428571,65951,0.0215607316194392,878.7,8.05,0.09618161399005294,0.10249008824580798,Phase 7
2022-01-23,68773,2038,66735,0.0296337225364605,68453.1428571429,1590.28571428571,66862.8571428571,0.0232317414206172,925.5,8.22,0.09737677258667095,0.10069352966490677,Phase 7
2022-01-24,74108,2712,71396,0.0365952393803638,69710.1428571429,1765.85714285714,67944.2857142857,0.0253314233837667,957.2,8.49,0.09711296569899773,0.09893744960827063,Phase 7
2022-01-25,70868,2351,68517,0.0331743523169837,70564.1428571429,1906.57142857143,68657.5714285714,0.0270189837412364,1025.2,8.9,0.09553809960524742,0.09741975958292588,Phase 7
2022-01-26,75263,2390,72873,0.0317553113747791,71658,2031.71428571429,69626.2857142857,0.028352930387595,1105.4,9.3,0.09427716849451645,0.09628050798827992,Phase 7
2022-01-27,72728,2359,70369,0.0324359256407436,72481.5714285714,2139.85714285714,70341.7142857143,0.0295227752473042,1171.1,9.51,0.09079288995406432,0.09536140126752278,Phase 7
2022-01-28,77114,2428,74686,0.0314858521150504,73463.1428571429,2253.14285714286,71210,0.0306703847604824,1236.6,9.76,0.09038530788620813,0.094523545459394,Phase 7
2022-01-29,76538,2109,74429,0.027554940029789102,73627.4285714286,2341,71286.4285714286,0.0317952160685459,1289.2,9.96,0.08964014845893174,0.09358905038351953,Phase 7
2022-01-30,72137,2387,69750,0.0330898152127202,74108,2390.85714285714,71717.1428571429,0.0322617955262204,1323.4,10.18,0.09185533190231258,0.0928002731428969,Phase 7
2022-01-31,78185,3009,75176,0.0384856430261559,74690.4285714286,2433.28571428571,72257.1428571429,0.0325782802539243,1338.9,10.22,0.0926454622220435,0.09216205836047488,Phase 7
2022-02-01,72361,2463,69898,0.034037672226752,74903.7142857143,2449.28571428571,72454.4285714286,0.0326991223017741,1362.7,10.37,0.09035638574457022,0.09142181352323528,Phase 7
2022-02-02,74898,2553,72345,0.0340863574461267,74851.5714285714,2472.57142857143,72379,0.0330329929135947,1407.7,10.72,0.09232920495405514,0.09114353301745509,Phase 7
2022-02-03,71938,2328,69610,0.0323611999221552,74738.7142857143,2468.14285714286,72270.5714285714,0.0330236194284469,1461.3,11.22,0.09035711432451865,0.09108127935609142,Phase 7
2022-02-04,71160,2380,68780,0.0334457560427206,73888.1428571429,2461.28571428571,71426.8571428571,0.0333109700570554,1506.9,11.78,0.0924359642441977,0.09137423026437565,Phase 7
2022-02-05,72575,2206,70369,0.0303961419221495,73322,2475.14285714286,70846.8571428571,0.0337571650683677,1533.2,12.15,0.09310024627558641,0.09186852995246918,Phase 7
2022-02-06,64381,2243,62138,0.0348394712725804,72214,2454.57142857143,69759.4285714286,0.0339902432848399,1543.4,12.29,0.09492363164931329,0.092306858487755,Phase 7
2022-02-07,73974,2929,71045,0.0395949928353205,71612.4285714286,2443.14285714286,69169.2857142857,0.0341161849399645,1553.1,12.39,0.09576999072543248,0.09275321970252484,Phase 7
2022-02-08,66774,2390,64384,0.0357923742774134,70814.2857142857,2432.71428571429,68381.5714285714,0.0343534395803914,1575.8,12.75,0.09592941648285543,0.0935493669508513,Phase 7
2022-02-09,68862,2337,66525,0.0339374400975865,69952,2401.85714285714,67550.1428571429,0.034335789439289,1600,13.09,0.09601057438115837,0.0940752768690089,Phase 7
2022-02-10,65336,2125,63211,0.032524182686421,69008.8571428571,2372.85714285714,66636,0.0343848201680116,1609.5,13.15,0.0958246680531115,0.0948563559730936,Phase 7
2022-02-11,65035,2076,62959,0.0319212731606058,68133.8571428571,2329.42857142857,65804.4285714286,0.0341890019017187,1601.1,13.06,0.09643244110919379,0.09542728123952161,Phase 7
2022-02-12,66246,1813,64433,0.0273676901246868,67229.7142857143,2273.28571428571,64956.4285714286,0.0338137048243974,1597.3,12.99,0.09711561767795104,0.0960009057255737,Phase 7
2022-02-13,63882,2138,61744,0.0334679565448796,67158.4285714286,2258.28571428571,64900.1428571429,0.0336262441263622,1584.4,12.88,0.09878549088102685,0.09655259990153278,Phase 7
2022-02-14,70420,2474,67946,0.0351320647543312,66650.7142857143,2193.28571428571,64457.4285714286,0.0329071599275541,1573.9,12.8,0.09982656394950187,0.09713211036211412,Phase 7
2022-02-15,62871,2274,60597,0.0361692990408933,66093.1428571429,2176.71428571429,63916.4285714286,0.0329340411367507,1550.7,12.68,0.10034949584220464,0.09776355027059258,Phase 7
2022-02-16,59815,2280,57535,0.0381175290478977,64800.7142857143,2168.57142857143,62632.1428571429,0.0334652395806925,1524.3,12.63,0.09891826923076923,0.09817893524910842,Phase 7
2022-02-17,52443,1795,50648,0.0342276376256126,62958.8571428571,2121.42857142857,60837.4285714286,0.0336954745956543,1503.5,12.68,0.09917852133840914,0.09865805714700808,Phase 7
2022-02-18,53196,1812,51384,0.0340627114820663,61267.5714285714,2083.71428571429,59183.8571428571,0.0340100682486424,1483.3,12.74,0.09810789049919484,0.09889740705986537,Phase 7
2022-02-19,56121,1631,54490,0.0290622048787441,59821.1428571429,2057.71428571429,57763.4285714286,0.034397776228185,1450.1,12.72,0.09788199084760864,0.09900688894124503,Phase 7
2022-02-20,54075,1886,52189,0.0348774849745724,58420.1428571429,2021.71428571429,56398.4285714286,0.0346064591224651,1447,12.81,0.0974398632422972,0.0988146564214265,Phase 7
2022-02-21,58021,2251,55770,0.0387962978921425,56648.8571428571,1989.85714285714,54659,0.0351261657024981,1435,12.89,0.09769905778640463,0.09851072696955547,Phase 7
2022-02-22,55805,1985,53820,0.0355702894005913,55639.4285714286,1948.57142857143,53690.8571428571,0.0350214133861907,1412,12.99,0.09644710900092544,0.09795324313508702,Phase 7
2022-02-23,59023,2077,56946,0.0351896718228487,55526.2857142857,1919.57142857143,53606.7142857143,0.0345704994288419,1399.8,12.85,0.09641751437417072,0.09759599244128724,Phase 7
2022-02-24,64286,1709,62577,0.0265843262918831,57218.1428571429,1907.28571428571,55310.8571428571,0.0333335830043917,1373.5,12.74,0.09167536324957855,0.09652411271431142,Phase 7
2022-02-25,58574,1637,56937,0.0279475535220405,57986.4285714286,1882.28571428571,56104.1428571429,0.0324607974772422,1345.6,12.56,0.09194986743793686,0.09564439513413171,Phase 7
2022-02-26,69303,1605,67698,0.0231591705986754,59869.5714285714,1878.57142857143,57991,0.0313777330244078,1337,12.49,0.09142926710494279,0.09472257745660803,Phase 7
2022-02-27,54266,1665,52601,0.0306821951129621,59896.8571428571,1847,58049.8571428571,0.0308363424744442,1323.7,12.47,0.09136869572308069,0.09385526781100567,Phase 7
2022-02-28,63521,2295,61226,0.0361297838510099,60682.5714285714,1853.28571428571,58829.2857142857,0.0305406588853472,1313.2,12.34,0.09179113490881276,0.09301127882849254,Phase 7
2022-03-01,55175,2550,52625,0.0462165835976439,60592.5714285714,1934,58658.5714285714,0.0319181040580175,1300,12.1,0.09194293751255776,0.09236782575872574,Phase 7
2022-03-02,53915,2908,51007,0.0539367522952796,59862.8571428571,2052.71428571429,57810.1428571429,0.0342902825505918,1270.1,11.96,0.08848596928519739,0.0912347478888724,Phase 7
2022-03-03,51347,2709,48638,0.0527586811303484,58014.4285714286,2195.57142857143,55818.8571428571,0.0378452650941515,1266.7,11.91,0.08641182139415354,0.09048281333809739,Phase 7
2022-03-04,54913,2572,52341,0.0468377251288402,57491.4285714286,2329.14285714286,55162.2857142857,0.0405128714839479,1294,12,0.085108099386899,0.08950541790223485,Phase 7
2022-03-05,53485,2347,51138,0.0438814620921754,55231.7142857143,2435.14285714286,52796.5714285714,0.0440895758647982,1316.1,12.02,0.08537327974668128,0.08864027685105463,Phase 7
2022-03-06,46374,2487,43887,0.0536291887695692,54104.2857142857,2552.57142857143,51551.7142857143,0.0471787289097774,1332.5,11.97,0.08582150432370697,0.08784782093685839,Phase 7
2022-03-07,51400,3284,48116,0.0638910505836576,52372.7142857143,2693.85714285714,49678.8571428571,0.0514362713408563,1361.7,12.05,0.08755555555555555,0.08724273817210736,Phase 7
2022-03-08,49076,3230,45846,0.0658162849457984,51501.4285714286,2791,48710.4285714286,0.0541926714931625,1406.5,12.26,0.08692499798598244,0.08652588966831089,Phase 7
2022-03-09,50454,3349,47105,0.066377294168946,51007,2854,48153,0.0559531044758563,1471.4,12.72,0.08521424260712131,0.08605850014287145,Phase 7
2022-03-10,49405,3137,46268,0.0634955976115778,50729.5714285714,2915.14285714286,47814.4285714286,0.0574643698941446,1538.8,13.04,0.08516206965975438,0.08587996418081442,Phase 7
2022-03-11,54384,3086,51298,0.056744630773757,50654,2988.57142857143,47665.4285714286,0.0589997123340986,1588.9,13.36,0.0855848568192849,0.08594807238544097,Phase 7
2022-03-12,53822,2911,50911,0.0540856898665973,50702.1428571429,3069.14285714286,47633,0.0605328036290379,1647.3,13.68,0.08637126140501616,0.08609064119377453,Phase 7
2022-03-13,47186,3300,43886,0.0699359979654982,50818.1428571429,3185.28571428571,47632.8571428571,0.062680088944612,1687.6,13.88,0.08999466272529458,0.08668680667971562,Phase 7
2022-03-14,53110,4061,49049,0.0764639427603088,51062.4285714286,3296.28571428571,47766.1428571429,0.0645540332981756,1698.6,14.02,0.09190772610765287,0.08730854533001524,Phase 7
2022-03-15,49684,3711,45973,0.0746920537798889,51149.2857142857,3365,47784.2857142857,0.065787819966764,1749.1,14.64,0.09309687106854429,0.08819024148466693,Phase 7
2022-03-16,50854,3668,47186,0.072128052857199,51206.4285714286,3410.57142857143,47795.8571428571,0.0666043605016111,1793.8,14.9,0.09345453069837276,0.08936742549770285,Phase 7
2022-03-17,49722,3429,46293,0.068963436708097,51251.7142857143,3452.28571428571,47799.4285714286,0.0673594193364961,1848.7,15.14,0.09311131015389626,0.09050303128258026,Phase 7
2022-03-18,54022,3651,50371,0.0675835770611973,51200,3533,47667,0.06900390625,1897.1,15.31,0.09351840478237727,0.09163639527730774,Phase 7
2022-03-19,54582,2856,51726,0.0523249422886666,51308.5714285714,3525.14285714286,47783.4285714286,0.0687047555407061,1916.4,15.4,0.09252375051631558,0.09251532229320766,Phase 7
2022-03-20,46583,3490,43093,0.0749200352059764,51222.4285714286,3552.28571428571,47670.1428571429,0.0693502009443408,1901,15.29,0.09399867374005305,0.09308732386674458,Phase 7
2022-03-21,49646,4208,45438,0.0847601015187528,50727.5714285714,3573.28571428571,47154.2857142857,0.0704407014500427,1901.4,15.2,0.0965182718789822,0.09374597326264877,Phase 7
2022-03-22,45985,3784,42201,0.0822877025116886,50199.1428571429,3583.71428571429,46615.4285714286,0.0713899497430235,1937.1,15.09,0.09723923874867271,0.09433774007409569,Phase 7
2022-03-23,46593,3644,42949,0.078209173051746,49590.4285714286,3580.28571428571,46010.1428571429,0.0721971117698404,1960.9,15.13,0.09514483884128927,0.09457921266594091,Phase 7
2022-03-24,44567,3325,41242,0.0746067718266879,48854,3565.42857142857,45288.5714285714,0.0729813028908292,1961.5,15.1,0.09465673706914093,0.09479998793954729,Phase 7
2022-03-25,50814,3228,47586,0.0635257999763845,48395.7142857143,3505,44890.7142857143,0.0724237683384007,1951.1,14.96,0.09430874350476658,0.09491289347131719,Phase 7
2022-03-26,52487,2832,49655,0.0539562177301046,48096.4285714286,3501.57142857143,44594.8571428571,0.0728031484369199,1938.4,14.96,0.09651951058201058,0.09548371633784504,Phase 7
2022-03-27,39773,2960,36813,0.0744223468181932,47123.5714285714,3425.85714285714,43697.7142857143,0.0726994376487351,1932.4,15,0.09689729550356728,0.09589780516120422,Phase 7
2022-03-28,45780,3869,41911,0.0845128877238969,46571.2857142857,3377.42857142857,43193.8571428571,0.0725216948518247,1908.9,15.03,0.09661281062904946,0.09591131069692811,Phase 7
2022-03-29,42679,3303,39376,0.0773916914641861,46099,3308.71428571429,42790.2857142857,0.0717741010805936,1871.8,15.01,0.09678338762214984,0.09584618910742485,Phase 7
2022-03-30,43270,3228,40042,0.0746013404206147,45624.2857142857,3249.28571428571,42375,0.0712183360991953,1835.1,14.85,0.09481601951616182,0.09579921491812093,Phase 7
2022-03-31,40729,2718,38011,0.0667337769157112,45076,3162.57142857143,41913.4285714286,0.0701608711636221,1777.5,14.6,0.09379579872984856,0.09567622372679345,Phase 7
2022-04-01,44865,2504,42361,0.0558118800846985,44226.1428571429,3059.14285714286,41167,0.0691704647865031,1712.5,14.36,0.09313102316998155,0.0955079779646813,Phase 7
2022-04-02,43212,2152,41060,0.0498009812089234,42901.1428571429,2962,39939.1428571429,0.0690424497515884,1637.8,13.83,0.09147978358732912,0.09478801696544109,Phase 7
2022-04-03,31491,2322,29169,0.073735352957988,41718,2870.85714285714,38847.1428571429,0.0688157903748296,1583.5,13.5,0.09173094467943933,0.09404996684770853,Phase 7
2022-04-04,34118,3002,31116,0.0879887449440178,40052,2747,37305,0.0685858384100669,1555.7,13.24,0.09148239148239148,0.09331704982675738,Phase 7
2022-04-05,31570,2594,28976,0.0821666138739309,38465,2645.71428571429,35819.2857142857,0.0687823810142802,1493.7,12.9,0.08829049367605059,0.09210377926302893,Phase 7
2022-04-06,32493,2543,29950,0.0782630104945681,36925.4285714286,2547.85714285714,34377.5714285714,0.0690000696384218,1417.4,12.39,0.08585632207326514,0.09082382248547226,Phase 7
2022-04-07,30858,2337,28521,0.0757340073886836,35515.2857142857,2493.42857142857,33021.8571428571,0.0702071944876854,1332.1,12.11,0.0836183032079466,0.08936989455377198,Phase 7
2022-04-08,34901,2288,32613,0.0655568608349331,34091.8571428571,2462.57142857143,31629.2857142857,0.072233419794421,1254.9,11.81,0.08303988207354025,0.08792830296856607,Phase 7
2022-04-09,32988,1978,31010,0.0599611980113981,32631.2857142857,2437.71428571429,30193.5714285714,0.0747048187760213,1207.8,11.76,0.0817747384032298,0.08654186794226618,Phase 7
2022-04-10,26776,2192,24584,0.0818643561398267,31957.7142857143,2419.14285714286,29538.5714285714,0.075698244108286,1187.3,11.68,0.08249346771183277,0.08522222837546524,Phase 7
2022-04-11,32172,2872,29300,0.0892701728210867,31679.7142857143,2400.57142857143,29279.1428571429,0.0757762966837724,1182.7,11.69,0.08164105943897516,0.08381632379783432,Phase 7
2022-04-12,29141,2642,26499,0.0906626402662915,31332.7142857143,2407.42857142857,28925.2857142857,0.076834344751492,1164.7,11.63,0.07865998850480335,0.08244053734479902,Phase 7
2022-04-13,30395,2626,27769,0.0863957887810495,31033,2419.28571428571,28613.7142857143,0.07795848658801,1130.3,11.48,0.07589065834838286,0.08101687109838726,Phase 7
2022-04-14,31426,2790,28636,0.0887799910901801,31114.1428571429,2484,28630.1428571429,0.079835077296039,1094.2,11.12,0.0747598324985631,0.07975137528276105,Phase 7
2022-04-15,20339,1806,18533,0.0887949260042283,29033.8571428571,2415.14285714286,26618.7142857143,0.0831836722644007,1073.6,10.99,0.07393814432989691,0.07845112703366913,Phase 7
2022-04-16,30082,2619,27463,0.087062030450103,28618.7142857143,2506.71428571429,26112,0.0875900384863052,975.2,9.92,0.0721444545680444,0.07707537220007123,Phase 7
2022-04-17,21869,1812,20057,0.082857012209063,27917.7142857143,2452.42857142857,25465.2857142857,0.087844891108564,946.3,9.73,0.0732202827646254,0.07575063149332731,Phase 7
2022-04-18,24611,2343,22268,0.0952013327373939,26837.5714285714,2376.85714285714,24460.7142857143,0.0885645390523946,936.1,9.54,0.0731070496083551,0.07453148723181016,Phase 7
2022-04-19,31439,3117,28322,0.0991443748210821,27165.8571428571,2444.71428571429,24721.1428571429,0.0899921645342631,811.9,7.98,0.07403909329829172,0.07387135934516564,Phase 7
2022-04-20,27610,2282,25328,0.0826512133285042,26768,2395.57142857143,24372.4285714286,0.0894938519340791,783.7,8.34,0.07112387202625102,0.07319038987057538,Phase 7
2022-04-21,27082,2129,24953,0.0786131009526623,26147.4285714286,2301.14285714286,23846.2857142857,0.0880064688141964,808.3,8.6,0.06748114135782224,0.07215057685046954,Phase 7
2022-04-22,28402,2067,26335,0.0727765650306317,27299.2857142857,2338.42857142857,24960.8571428571,0.0856589654360397,814.6,8.53,0.06629947798923096,0.07105933880180297,Phase 7
2022-04-23,27112,1670,25442,0.0615963411035704,26875,2202.85714285714,24672.1428571429,0.0819667774086379,884.8,9.28,0.06681293206937948,0.07029769273056513,Phase 7
2022-04-24,24258,1756,22502,0.0723884903949213,27216.2857142857,2194.85714285714,25021.4285714286,0.0806449919690941,887.8,9.24,0.06525712386807345,0.06916009860248629,Phase 7
2022-04-25,28748,2167,26581,0.0753791568109086,27807.2857142857,2169.71428571429,25637.5714285714,0.0780268275015284,879.1,9.27,0.06527772025017603,0.06804162297988928,Phase 7
2022-04-26,25382,1721,23661,0.0678039555590576,26942,1970.28571428571,24971.7142857143,0.0731306404233433,977.5,10.44,0.06253859771913212,0.06639869504000932,Phase 7
2022-04-27,26560,1684,24876,0.0634036144578313,26792,1884.85714285714,24907.1428571429,0.0703514908501472,954.2,9.47,0.05938437512842642,0.06472162405460581,Phase 7
2022-04-28,24973,1527,23446,0.0611460377207384,26490.7142857143,1798.85714285714,24691.8571428571,0.0679051958907434,877.4,8.77,0.0578791371644986,0.06334990916984529,Phase 7
2022-04-29,26080,1499,24581,0.0574769938650307,26159,1717.71428571429,24441.2857142857,0.0656643711806371,804,8.3,0.057041292935973216,0.06202731130509419,Phase 7
2022-04-30,25324,1331,23993,0.052558837466435,25903.5714285714,1669.28571428571,24234.2857142857,0.0644422997380394,754.5,7.97,0.056315767583080316,0.06052771637848002,Phase 7
2022-05-01,18384,1265,17119,0.0688098346388164,25064.4285714286,1599.14285714286,23465.2857142857,0.0638012892488501,730,7.84,0.05586662209593849,0.05918621612531788,Phase 7
2022-05-02,24162,1739,22423,0.0719725188312226,24409.2857142857,1538,22871.2857142857,0.0630088081233723,716.7,7.69,0.054572453904219775,0.05765689236160985,Phase 7
2022-05-03,23056,1462,21594,0.063410825815406,24077,1501,22576,0.0623416538605308,677.8,7.3,0.05236846418619898,0.0562040161426194,Phase 7
2022-05-04,22708,1532,21176,0.0674652104985027,23526.7142857143,1479.28571428571,22047.4285714286,0.062876851239017,638.3,7.15,0.04919374641892445,0.05474821204126198,Phase 7
2022-05-05,22143,1405,20738,0.0634512035406223,23122.4285714286,1461.85714285714,21660.5714285714,0.0632224741592887,607.7,6.98,0.04821055220760054,0.053366985618847965,Phase 7
2022-05-06,23257,1367,21890,0.0587780023218816,22719.1428571429,1443,21276.1428571429,0.063514720122741,590.5,6.87,0.04595618514248065,0.05178339879120617,Phase 7
2022-05-07,20751,1237,19514,0.0596115849838562,22065.8571428571,1429.57142857143,20636.2857142857,0.0647865804313063,577.1,6.72,0.04494195688225539,0.050158568691088326,Phase 7
2022-05-08,19123,1365,17758,0.0713800135961931,22171.4285714286,1443.85714285714,20727.5714285714,0.0651224226804124,568.7,6.64,0.04558499355321715,0.0486897646135567,Phase 7
2022-05-09,22473,1749,20724,0.0778267254038179,21930.1428571429,1445.28571428571,20484.8571428571,0.0659040720208975,565.7,6.53,0.04514905372531233,0.0473435645879985,Phase 7
2022-05-10,20637,1448,19189,0.0701652371953288,21584.5714285714,1443.28571428571,20141.2857142857,0.0668665448865592,563.5,6.55,0.043590478921709204,0.04608956669307139,Phase 7
2022-05-11,21371,1490,19881,0.0697206494782649,21393.5714285714,1437.28571428571,19956.2857142857,0.0671830656739341,549.5,6.38,0.04224430540220014,0.04509678940496791,Phase 7
2022-05-12,20464,1314,19150,0.0642103205629398,21153.7142857143,1424.28571428571,19729.4285714286,0.0673302898511575,534.2,6.2,0.040953120529693056,0.04406001345098113,Phase 7
2022-05-13,21136,1247,19889,0.0589988644965935,20850.7142857143,1407.14285714286,19443.5714285714,0.0674865540748861,515.7,6.03,0.04018242327129299,0.04323519032652575,Phase 7
2022-05-14,18775,1076,17699,0.0573102529960053,20568.4285714286,1384.14285714286,19184.2857142857,0.0672945360087235,503.3,5.89,0.039145022989934136,0.042407056913337,Phase 7
2022-05-15,16482,1184,15298,0.0718359422400194,20191.1428571429,1358.28571428571,18832.8571428571,0.0672713636813879,495.1,5.8,0.0383528629601928,0.04137389540004781,Phase 7
2022-05-16,21190,1491,19699,0.070363378952336,20007.8571428571,1321.42857142857,18686.4285714286,0.0660454821320196,490.6,5.75,0.039017938331817804,0.04049802177240573,Phase 7
2022-05-17,19582,1178,18404,0.0601572873046676,19857.1428571429,1282.85714285714,18574.2857142857,0.0646043165467626,467.6,5.48,0.03890489913544669,0.03982865323151109,Phase 7
2022-05-18,19388,1084,18304,0.0559108727047658,19573.8571428571,1224.85714285714,18349,0.0625761766788063,435.4,5.24,0.03737044225131106,0.03913238706709836,Phase 7
2022-05-19,17786,1006,16780,0.0565613403800742,19191.2857142857,1180.85714285714,18010.4285714286,0.0615309031628939,407.4,5.07,0.036103317379105465,0.038439558045585846,Phase 7
2022-05-20,18294,931,17363,0.0508910025144856,18785.2857142857,1135.71428571429,17649.5714285714,0.0604576530263048,382.5,4.83,0.034015578389128276,0.0375585802052766,Phase 7
2022-05-21,17247,871,16376,0.0505015364991013,18567,1106.42857142857,17460.5714285714,0.0595911332702414,362.2,4.63,0.03350741591811155,0.036753207766444806,Phase 7
2022-05-22,14764,878,13886,0.0594689785965863,18321.5714285714,1062.71428571429,17258.8571428571,0.0580034463668899,354.6,4.59,0.034336565503924776,0.036179450986977946,Phase 7
2022-05-23,18838,1060,17778,0.0562692430194288,17985.5714285714,1001.14285714286,16984.4285714286,0.0556636669076005,351.3,4.57,0.03269302576442767,0.03527589204877935,Phase 7
2022-05-24,17115,928,16187,0.0542214431784984,17633.1428571429,965.428571428571,16667.7142857143,0.054750793959427,329,4.3,0.030419809773696294,0.034063736425672154,Phase 7
2022-05-25,17490,890,16600,0.0508862206975415,17362,937.714285714286,16424.2857142857,0.0540095775667714,303.3,4.05,0.029453934701568964,0.032932806775709,Phase 7
2022-05-26,11588,532,11056,0.0459095616154643,16476.5714285714,870,15606.5714285714,0.0528022473468822,281.2,3.82,0.02890625,0.031904654292979645,Phase 7
2022-05-27,15875,870,15005,0.0548031496062992,16131,861.285714285714,15269.7142857143,0.0533932003152758,238.1,3.3,0.02896517577157947,0.031183168204758388,Phase 7
2022-05-28,14841,649,14192,0.043730206859376,15787.2857142857,829.571428571429,14957.7142857143,0.0525468052954005,229.2,3.31,0.027724823870700372,0.030357083626556793,Phase 7
2022-05-29,14035,869,13166,0.0619166369789811,15683.1428571429,828.285714285714,14854.8571428571,0.0528137581752929,225.4,3.22,0.027277641481974303,0.029348665909135294,Phase 7
2022-05-30,18492,1002,17490,0.054185593770279,15633.7142857143,820,14813.7142857143,0.0524507474688402,224.8,3.2,0.027512748807369633,0.02860862634384129,Phase 8
2022-05-31,17268,831,16437,0.0481236970118138,15655.5714285714,806.142857142857,14849.4285714286,0.0514923943096479,224.6,3.14,0.02797002334247922,0.02825865685366742,Phase 8
2022-06-01,16534,872,15662,0.0527398088786742,15519,803.571428571429,14715.4285714286,0.0517798459031786,230.4,3.16,0.02746847879482561,0.027975020295561228,Phase 8
2022-06-02,16023,838,15185,0.0522998190101729,16152.5714285714,847.285714285714,15305.2857142857,0.05245515972689,241.9,3.22,0.026560642701971553,0.027639933538700024,Phase 8
2022-06-03,16702,942,15760,0.0564004310860975,16270.7142857143,857.571428571429,15413.1428571429,0.0527064401422363,282.9,3.69,0.02614298612821144,0.027236763589647446,Phase 8
2022-06-04,14423,924,13499,0.064064341676489,16211,896.857142857143,15314.1428571429,0.0553239863584691,291.1,3.71,0.02548428400313907,0.02691668646571012,Phase 8
2022-06-05,11329,864,10465,0.0762644540559626,15824.4285714286,896.142857142857,14928.2857142857,0.0566303454875373,293.7,3.77,0.02539248581251812,0.026647378512930663,Phase 8
2022-06-06,14109,1156,12953,0.0819335176128712,15198.2857142857,918.142857142857,14280.1428571429,0.0604109486032259,294.4,3.79,0.026249117414960336,0.026466859742586477,Phase 8
2022-06-07,19660,1765,17895,0.0897761953204476,15540,1051.57142857143,14488.4285714286,0.0676686890972605,249.4,3.17,0.025727854635556473,0.026146549927311802,Phase 8
2022-06-08,18209,1501,16708,0.0824317645120545,15779.2857142857,1141.42857142857,14637.8571428571,0.0723371508759223,273.2,3.9,0.02557986510939299,0.025876747972249998,Phase 8
2022-06-09,18553,1401,17152,0.0755133940602598,16140.7142857143,1221.85714285714,14918.8571428571,0.0757003142010001,317.8,4.3,0.02538798574996929,0.02570922555053539,Phase 8
2022-06-10,18105,1372,16733,0.0757801712234189,16341.1428571429,1283.28571428571,15057.8571428571,0.0785309647865161,352.5,4.6,0.0258176269229183,0.02566274566406494,Phase 8
2022-06-11,16059,1349,14710,0.0840027398966312,16574.8571428571,1344,15230.8571428571,0.0810866717230918,383.5,4.78,0.025230692493141575,0.02562651830549387,Phase 8
2022-06-12,15242,1417,13825,0.0929668022569217,17133.8571428571,1423,15710.8571428571,0.0830519355995231,391.9,4.82,0.02593010146561443,0.025703320541650487,Phase 8
2022-06-13,20253,2066,18187,0.102009578827828,18011.5714285714,1553,16458.5714285714,0.086222349124769,398.2,4.9,0.02692180251822399,0.025799418413545293,Phase 8
2022-06-14,18929,1782,17147,0.0941412647260817,17907.1428571429,1555.42857142857,16351.7142857143,0.0868607897885919,491.4,6.15,0.027777777777777776,0.026092264576719766,Phase 8
2022-06-15,19123,1813,17310,0.0948073001098154,18037.7142857143,1600,16437.7142857143,0.0887030349109802,518.2,5.88,0.027646357016497307,0.026387477706306096,Phase 8
2022-06-16,16608,1569,15039,0.0944725433526012,17759.8571428571,1624,16135.8571428571,0.0914421769801881,517.9,5.88,0.028208512042230287,0.02679041003377195,Phase 8
2022-06-17,19105,2014,17091,0.105417429992149,17902.7142857143,1715.71428571429,16187,0.0958354279877752,477.1,5.47,0.028831373852353456,0.027220945309405546,Phase 8
2022-06-18,15818,1647,14171,0.104121886458465,17868.2857142857,1758.28571428571,16110,0.0984025967796095,491.8,5.91,0.028639618138424822,0.027707934687303152,Phase 8
2022-06-19,16462,1959,14503,0.119001336411129,18042.5714285714,1835.71428571429,16206.8571428571,0.101743495542289,495.9,6,0.03022012710972684,0.028320795493604927,Phase 8
2022-06-20,22562,2786,19776,0.123481960819076,18372.4285714286,1938.57142857143,16433.8571428571,0.105515251891421,497.1,6.09,0.03116265487464019,0.028926631544521526,Phase 8
2022-06-21,20473,2378,18095,0.116152981976261,18593,2023.71428571429,16569.2857142857,0.10884280566419,519.3,6.72,0.032866178841622226,0.02965354598221359,Phase 8
2022-06-22,20592,2272,18320,0.11033411033411,18802.8571428571,2089.28571428571,16713.5714285714,0.111115332016411,556.5,7.16,0.03238229326266098,0.030330108303094114,Phase 8
2022-06-23,19504,2179,17325,0.111720672682527,19216.5714285714,2176.42857142857,17040.1428571429,0.113257902405662,594.5,7.52,0.033547318285359284,0.0310927949092554,Phase 8
2022-06-24,20505,2084,18421,0.101633747866374,19416.5714285714,2186.42857142857,17230.1428571429,0.112606315665558,671.5,8.37,0.03327364344313497,0.031727404850795615,Phase 8
2022-06-25,18924,2005,16919,0.105950116254492,19860.2857142857,2237.57142857143,17622.7142857143,0.112665621268576,683.1,8.44,0.03302183296316473,0.032353435540044176,Phase 8
2022-06-26,18076,2209,15867,0.122206240318655,20090.8571428571,2273.28571428571,17817.5714285714,0.11315026024631,688,8.49,0.0352103777955608,0.03306632849516331,Phase 8
2022-06-27,23262,3098,20164,0.133178574499183,20190.8571428571,2317.85714285714,17873,0.114797362313919,689.8,8.56,0.03892578206573946,0.03417534666532035,Phase 8
2022-06-28,21015,2632,18383,0.125243873423745,20268.2857142857,2354.14285714286,17914.1428571429,0.116149085834308,703.4,8.77,0.040715530837552916,0.035296682664739024,Phase 8
2022-06-29,21590,2518,19072,0.116628068550255,20410.8571428571,2389.28571428571,18021.5714285714,0.117059548139646,719.7,8.93,0.03877094045447006,0.03620934654928318,Phase 8
2022-06-30,18630,2316,16314,0.124315619967794,20286,2408.85714285714,17877.1428571429,0.118744806411177,733.6,9.12,0.03874615448574042,0.03695203743505191,Phase 8
2022-07-01,9988,1670,8318,0.167200640768923,18783.5714285714,2349.71428571429,16433.8571428571,0.125094117199681,744.3,9.18,0.0408231414617857,0.03803053715200201,Phase 8
2022-07-02,8890,1646,7244,0.185151856017998,17350.1428571429,2298.42857142857,15051.7142857143,0.132473178483504,753.5,9.28,0.0414801047562727,0.03923886169387458,Phase 8
2022-07-03,9441,1633,7808,0.172968965151997,16116.5714285714,2216.14285714286,13900.4285714286,0.137507091192739,749.6,9.29,0.042502448788382094,0.04028058612142048,Phase 8
2022-07-04,12144,2453,9691,0.201992753623188,14528.2857142857,2124,12404.2857142857,0.146197565340518,748.1,9.31,0.04463087248322148,0.041095599038203624,Phase 8
2022-07-05,10559,2005,8554,0.189885405814945,13034.5714285714,2034.42857142857,11000.1428571429,0.156079437101335,752.7,9.35,0.04462041226747109,0.04165343924247765,Phase 8
2022-07-06,10573,1784,8789,0.168731675021281,11460.7142857143,1929.57142857143,9531.14285714286,0.16836397631661,751,9.44,0.04383906119027661,0.042377456490450015,Phase 8
2022-07-07,10419,1625,8794,0.155965063825703,10287.7142857143,1830.85714285714,8456.85714285714,0.177965395617519,753.7,9.64,0.04393761529431494,0.043119093748817804,Phase 8
2022-07-08,10453,1699,8754,0.162537070697407,10354.1428571429,1835,8519.14285714286,0.177223747568261,754.5,9.86,0.04519964582367079,0.04374430865765853,Phase 8
2022-07-09,9487,1359,8128,0.143248656055655,10439.4285714286,1794,8645.42857142857,0.171848486507198,755.3,9.97,0.04487588878954315,0.04422942066241145,Phase 8
2022-07-10,9726,1484,8242,0.152580711494962,10480.1428571429,1772.71428571429,8707.42857142857,0.169149820749445,755,10.03,0.04696698233939084,0.04486721116969841,Phase 8
2022-07-11,11443,2145,9298,0.187450843310321,10380,1728.71428571429,8651.28571428571,0.166542802091935,756,10.11,0.04974576271186441,0.04559790977379026,Phase 8
2022-07-12,9876,1796,8080,0.181855002025111,10282.4285714286,1698.85714285714,8583.57142857143,0.165219445100518,768.2,10.72,0.05132862996916058,0.04655622658831733,Phase 8
2022-07-13,10208,1794,8414,0.175744514106583,10230.2857142857,1700.28571428571,8530,0.166201195330392,777.8,11.03,0.052113564668769714,0.04773829851381634,Phase 8
2022-07-14,9590,1598,7992,0.166631908237748,10111.8571428571,1696.42857142857,8415.42857142857,0.167766271562381,787.6,11.37,0.05233416269556783,0.0489378052854239,Phase 8
2022-07-15,10111,1558,8553,0.154089605380279,10063,1676.28571428571,8386.71428571429,0.166579122953961,794.9,11.77,0.05171318453263309,0.04986831081527566,Phase 8
2022-07-16,8929,1381,7548,0.154664576100347,9983.28571428571,1679.42857142857,8303.85714285714,0.168224031595667,810.5,12.21,0.05254375080227632,0.05096371967423754,Phase 8
2022-07-17,8762,1334,7428,0.152248345126683,9845.57142857143,1658,8187.57142857143,0.168400586195389,812.6,12.26,0.054661272273392444,0.05206290395052349,Phase 8
2022-07-18,10400,2072,8328,0.199230769230769,9696.57142857143,1647.57142857143,8049,0.169912782132123,811.1,12.22,0.05638969459136666,0.05301203707616666,Phase 8
2022-07-19,8440,1388,7052,0.164454976303318,9491.42857142857,1589.28571428571,7902.14285714286,0.167444310656231,815.1,12.33,0.05615696887686062,0.05370179977726667,Phase 8
2022-07-20,8967,1485,7482,0.165607226497156,9314.14285714286,1545.14285714286,7769,0.165892114909738,813.6,12.65,0.05628859003636979,0.05429823197263811,Phase 8
2022-07-21,9169,1358,7811,0.148107754389792,9254,1510.85714285714,7743.14285714286,0.163265306122449,797.4,12.78,0.05942998338516593,0.0553119206425807,Phase 8
2022-07-22,9322,1372,7950,0.147178717013516,9141.28571428571,1484.28571428571,7657,0.162371657628655,781.5,13.12,0.05968169761273209,0.05645027965402341,Phase 8
2022-07-23,7964,1135,6829,0.14251632345555,9003.42857142857,1449.14285714286,7554.28571428571,0.160954556994161,758.5,13.08,0.06082830025884383,0.05763378671924734,Phase 8
2022-07-24,7991,1136,6855,0.142159929921161,8893.28571428571,1420.85714285714,7472.42857142857,0.159767400767834,754.9,13.1,0.06252711967369609,0.058757479205005,Phase 8
2022-07-25,9688,1667,8021,0.172068538398018,8791.57142857143,1363,7428.57142857143,0.155034854812239,753.5,13.17,0.06689566337483899,0.06025833188835819,Phase 8
2022-07-26,8673,1263,7410,0.145624351435489,8824.85714285714,1345.14285714286,7479.71428571429,0.152426587237349,736.5,13.4,0.06877094735055789,0.06206032881317209,Phase 8
2022-07-27,8788,1187,7601,0.135070550751024,8799.28571428571,1302.57142857143,7496.71428571429,0.148031496062992,706.1,13.27,0.06736190597312307,0.06364223108985112,Phase 8
2022-07-28,8474,1066,7408,0.125796554165683,8700,1260.85714285714,7439.14285714286,0.144926108374384,674.9,12.94,0.06587766183083058,0.06456332801066036,Phase 8
2022-07-29,7994,1020,6974,0.127595696772579,8510.28571428571,1210.57142857143,7299.71428571429,0.142248035990062,641,12.34,0.0637146266621207,0.0651394607320016,Phase 8
2022-07-30,7618,891,6727,0.116959831976897,8460.85714285714,1175.71428571429,7285.14285714286,0.138959240873941,608.1,11.9,0.0627420604182804,0.06541285504049253,Phase 8
2022-07-31,7623,881,6742,0.115571297389479,8408.28571428571,1139.28571428571,7269,0.135495599578647,600.3,11.78,0.06256219443603167,0.06541786572082618,Phase 8
2022-08-01,9225,1308,7917,0.141788617886179,8342.14285714286,1088,7254.14285714286,0.130422125181951,595.6,11.61,0.06259314456035768,0.06480322017590029,Phase 8
2022-08-02,8095,940,7155,0.116121062384188,8259.57142857143,1041.85714285714,7217.71428571429,0.126139370773302,552.2,10.9,0.06085013072446656,0.06367167494360153,Phase 8
2022-08-03,7718,826,6892,0.1070225447007,8106.71428571429,990.285714285714,7116.42857142857,0.122156237334132,511.7,10.52,0.05859637340496978,0.06241945600529391,Phase 8
2022-08-04,7452,791,6661,0.106146001073537,7960.71428571429,951,7009.71428571429,0.119461641991925,478.9,10.21,0.058626184685062484,0.06138353069875561,Phase 8
2022-08-05,7860,805,7055,0.102417302798982,7941.57142857143,920.285714285714,7021.28571428571,0.1158820672411,455.9,9.96,0.05810616929698709,0.060582322503736526,Phase 8
2022-08-06,7192,695,6497,0.0966351501668521,7880.71428571429,892.285714285714,6988.42857142857,0.113223964470226,439.7,9.88,0.057240204429301535,0.05979634307673954,Phase 8
2022-08-07,7188,663,6525,0.092237061769616,7818.57142857143,861.142857142857,6957.42857142857,0.110140690663256,437,9.85,0.05490798855727766,0.058702885094060395,Phase 8
2022-08-08,8882,1054,7828,0.118666966899347,7769.57142857143,824.857142857143,6944.71428571429,0.106165076213066,436,9.82,0.05615413867410318,0.057783027110309755,Phase 8
2022-08-09,8216,780,7436,0.0949367088607595,7786.85714285714,802,6984.85714285714,0.102994055918397,414.5,9.32,0.05352941176470588,0.05673721011605823,Phase 8
2022-08-10,8046,752,7294,0.0934625901068854,7833.71428571429,791.428571428571,7042.28571428571,0.101028521409293,394.2,8.84,0.052077213596307174,0.05580590157196357,Phase 8
2022-08-11,7562,722,6840,0.0954773869346734,7849.42857142857,781.571428571429,7067.85714285714,0.0995704873876169,378.7,8.6,0.04949622166246851,0.054501621140164436,Phase 8
2022-08-12,7100,712,6388,0.100281690140845,7740.85714285714,768.285714285714,6972.57142857143,0.0992507289705828,368.1,8.33,0.048785629954461125,0.05317011551980358,Phase 8
2022-08-13,6576,610,5966,0.0927615571776156,7652.85714285714,756.142857142857,6896.71428571429,0.098805301474706,361.9,8.18,0.04868482755680607,0.0519479188237328,Phase 8
2022-08-14,7045,613,6432,0.0870120652945351,7632.42857142857,749,6883.42857142857,0.0981339023340259,359.2,8.11,0.049394341480118134,0.051160254955567155,Phase 8
2022-08-15,8633,1031,7602,0.119425460442488,7596.85714285714,745.714285714286,6851.14285714286,0.0981608936026176,358.4,8.1,0.04882069490235861,0.050112620131032216,Phase 8
2022-08-16,7680,765,6915,0.099609375,7520.28571428571,743.571428571429,6776.71428571429,0.0988754226663121,344.3,7.85,0.04746104414297114,0.049245710470784396,Phase 8
2022-08-17,7738,738,7000,0.0953734815197726,7476.28571428571,741.571428571429,6734.71428571429,0.0991898192379715,339,8.1,0.04494852264166736,0.048227326048692995,Phase 8
2022-08-18,8026,694,7332,0.0864689758285572,7542.57142857143,737.571428571429,6805,0.0977877949922346,334.7,8.05,0.04622463919682075,0.04775995712502903,Phase 8
2022-08-19,7992,667,7325,0.0834584584584585,7670,731.142857142857,6938.85714285714,0.0953250139690818,329.3,8.08,0.04382604302614407,0.04705144470669802,Phase 8
2022-08-20,7224,675,6549,0.0934385382059801,7762.57142857143,740.428571428571,7022.14285714286,0.0953844455077478,319.8,7.89,0.041946166256262206,0.04608877880662032,Phase 8
2022-08-21,7671,607,7064,0.0791291878503455,7852,739.571428571429,7112.42857142857,0.0941889236591223,318.1,7.9,0.04232984851717517,0.0450795655261999,Phase 8
2022-08-22,8570,909,7661,0.106067677946324,7843,722.142857142857,7120.85714285714,0.0920748255951622,316.3,7.83,0.04177247333671915,0.04407267673110855,Phase 8
2022-08-23,7799,697,7102,0.0893704321066803,7860,712.428571428571,7147.57142857143,0.0906397673573246,311.5,7.7,0.04019636638274661,0.043034865622505046,Phase 8
2022-08-24,7710,689,7021,0.0893644617380026,7856,705.428571428571,7150.57142857143,0.0897948792551644,298.3,7.18,0.037554950805945155,0.04197864107454473,Phase 8
2022-08-25,7400,615,6785,0.0831081081081081,7766.57142857143,694.142857142857,7072.42857142857,0.0893757127616525,288.4,6.94,0.03744077816443755,0.040723803784204274,Phase 8
2022-08-26,7186,610,6576,0.0848872808238241,7651.42857142857,686,6965.42857142857,0.0896564600448096,280,6.6,0.03692631578947368,0.03973812846467993,Phase 8
2022-08-27,7100,551,6549,0.0776056338028169,7633.71428571429,668.285714285714,6965.42857142857,0.0875439778426529,276,6.4,0.036404570748906163,0.03894647196362907,Phase 8
2022-08-28,7362,554,6808,0.0752512904102146,7589.57142857143,660.714285714286,6928.85714285714,0.0870555461441452,274.1,6.35,0.03615177771138333,0.03806389041994452,Phase 8
2022-08-29,8466,751,7715,0.0887077722655327,7574.71428571429,638.142857142857,6936.57142857143,0.0842464590837938,273.9,6.33,0.035899599240666526,0.037224908406222716,Phase 8
2022-08-30,7615,604,7011,0.079317137229153,7548.42857142857,624.857142857143,6923.57142857143,0.0827797649463465,268.7,6.07,0.03472280466325589,0.03644297101772404,Phase 8
2022-08-31,7841,571,7270,0.0728223440887642,7567.14285714286,608,6959.14285714286,0.0803473664338305,263.2,5.85,0.03336822273393343,0.03584486700743665,Phase 8
2022-09-01,7411,536,6875,0.0723249224126299,7568.71428571429,596.714285714286,6972,0.078839584001812,254.5,5.64,0.032220121823146396,0.035099058958680776,Phase 8
2022-09-02,7274,488,6786,0.067088259554578,7581.28571428571,579.285714285714,7002,0.076409956848631,247.9,5.45,0.03229881669263486,0.03443798765913237,Phase 8
2022-09-03,6185,428,5757,0.0691996766370251,7450.57142857143,561.714285714286,6888.85714285714,0.075392107987882,243.5,5.33,0.03201802874394081,0.03381133880128018,Phase 8
2022-09-04,6939,442,6497,0.0636979391843205,7390.14285714286,545.714285714286,6844.42857142857,0.0738435367574568,243.3,5.31,0.031958015104322224,0.0332122298574143,Phase 8
2022-09-05,7987,719,7268,0.0900212845874546,7321.71428571429,541.142857142857,6780.57142857143,0.0739093108561617,242.4,5.32,0.032316584398599336,0.03270037059426185,Phase 8
2022-09-06,7284,585,6699,0.0803130148270181,7274.42857142857,538.428571428571,6736,0.0740166139706604,238.5,5.17,0.031049654305468258,0.03217563482886362,Phase 8
2022-09-07,7436,506,6930,0.0680473372781065,7216.57142857143,529.142857142857,6687.42857142857,0.0733233035077995,236.6,5.14,0.03022564574873362,0.03172669525954936,Phase 8
2022-09-08,7150,443,6707,0.061958041958042,7179.28571428571,515.857142857143,6663.42857142857,0.0718535469107552,239.6,5.21,0.03026370866471327,0.03144720766548748,Phase 8
2022-09-09,6848,468,6380,0.0683411214953271,7118.42857142857,513,6605.42857142857,0.0720664673182283,243.5,5.27,0.03006349072867174,0.031127875384921323,Phase 8
2022-09-10,6648,379,6269,0.0570096269554753,7184.57142857143,506,6678.57142857143,0.0704286964129484,245.4,5.31,0.028776367726327405,0.03066478095383369,Phase 8
2022-09-11,6970,443,6527,0.063558106169297,7189,506.142857142857,6682.85714285714,0.0704051825209149,244.9,5.27,0.02871384143484003,0.030201327572479095,Phase 8
2022-09-12,8211,747,7464,0.0909755206430398,7221,510.142857142857,6710.85714285714,0.0706471205017113,245.2,5.25,0.029089074782462483,0.029740254770173828,Phase 8
2022-09-13,7546,528,7018,0.0699708454810496,7258.42857142857,502,6756.42857142857,0.069160975417741,250.3,5.38,0.030354977630973785,0.02964101524524605,Phase 8
2022-09-14,7392,525,6867,0.0710227272727273,7252.14285714286,504.714285714286,6747.42857142857,0.0695951935388555,257.1,5.44,0.03084287200832466,0.029729190425187624,Phase 8
2022-09-15,7562,507,7055,0.0670457550912457,7311,513.857142857143,6797.14285714286,0.0702854798053813,261.3,5.47,0.029975368429841772,0.029687998963063126,Phase 8
2022-09-16,6715,434,6281,0.0646314221891288,7292,509,6783,0.06980252331322,268.1,5.62,0.028862265415549596,0.02951639534690282,Phase 8
2022-09-17,6372,397,5975,0.0623038292529818,7252.57142857143,511.571428571429,6741,0.0705365584620233,273.7,5.71,0.02789871919516422,0.029391016985308077,Phase 8
2022-09-18,6929,451,6478,0.0650887573964497,7246.71428571429,512.714285714286,6734,0.0707512764405543,274.3,5.76,0.02740190880169671,0.029203598037716175,Phase 8
2022-09-19,8306,729,7577,0.0877678786419456,7260.28571428571,510.142857142857,6750.14285714286,0.0702648459328637,275,5.8,0.028118180292093335,0.0290648988248063,Phase 8
2022-09-20,7612,630,6982,0.082764056752496,7269.71428571429,524.714285714286,6745,0.0721781166483257,284.3,6.17,0.028760785294485433,0.028837157062450818,Phase 8
2022-09-21,7758,603,7155,0.0777262180974478,7322,535.857142857143,6786.14285714286,0.0731845319389706,292.4,6.47,0.029389726084422613,0.02862956478760767,Phase 8
2022-09-22,7294,567,6727,0.0777351247600768,7283.71428571429,544.428571428571,6739.28571428571,0.0747460087082729,305.5,6.99,0.029666306066405926,0.028585413021402547,Phase 8
2022-09-23,7302,648,6654,0.0887428101889893,7367.57142857143,575,6792.57142857143,0.0780447133189847,317.7,7.41,0.030551602912865156,0.028826746949590486,Phase 8
2022-09-24,7272,600,6672,0.0825082508250825,7496.14285714286,604,6892.14285714286,0.0805747717873954,333.5,7.89,0.030294055426274592,0.02916893783974911,Phase 8
2022-09-25,7563,633,6930,0.0836969456564855,7586.71428571429,630,6956.71428571429,0.0830399005780782,340.2,8.08,0.03101631543167913,0.02968528164403231,Phase 8
2022-09-26,8827,1032,7795,0.11691401382123,7661.14285714286,673.285714285714,6987.85714285714,0.0878831953457149,344.2,8.26,0.033133162558266496,0.03040170768205705,Phase 8
2022-09-27,8126,938,7188,0.115431946837312,7734.57142857143,717.285714285714,7017.28571428571,0.0927376158989325,375.8,9.51,0.035678307588985894,0.03138992515269997,Phase 8
2022-09-28,8297,905,7392,0.109075569482946,7811.57142857143,760.428571428571,7051.14285714286,0.0973464274610925,426.1,10.74,0.0360976018782492,0.032348193123246625,Phase 8
2022-09-29,8297,826,7471,0.0995540556827769,7954.85714285714,797.428571428571,7157.42857142857,0.100244235327922,472.5,11.55,0.03734195824757424,0.03344471486341353,Phase 8
2022-09-30,7927,873,7054,0.110129935662924,8044.14285714286,829.571428571429,7214.57142857143,0.103127386385835,507.3,12.4,0.038893361013430494,0.034636394592065724,Phase 8
2022-10-01,7303,826,6477,0.113104203751883,8048.57142857143,861.857142857143,7186.71428571429,0.107082002129925,538.6,13.12,0.04056309101022635,0.0361033996754874,Phase 8
2022-10-02,7343,856,6487,0.116573607517363,8017.14285714286,893.714285714286,7123.42857142857,0.111475409836066,547.4,13.24,0.0429384376616658,0.037806559994056924,Phase 8
2022-10-03,8282,1067,7215,0.128833615068824,7939.28571428571,898.714285714286,7040.57142857143,0.113198380566802,551.2,13.43,0.04540535861143574,0.03955973085879539,Phase 8
2022-10-04,11252,1789,9463,0.158993956629932,8385.85714285714,1020.28571428571,7365.57142857143,0.121667433263488,471.2,11.22,0.05198698184309695,0.04188954146652554,Phase 8
2022-10-05,9456,1239,8217,0.131027918781726,8551.42857142857,1068,7483.42857142857,0.124891413297695,503.7,14.11,0.056063975367772835,0.04474188053645749,Phase 8
2022-10-06,9389,1244,8145,0.13249547342635,8707.42857142857,1127.71428571429,7579.71428571429,0.129511746948418,573.3,15.94,0.05843293492695883,0.047754877204941,Phase 8
2022-10-07,9099,1166,7933,0.128145950104407,8874.85714285714,1169.57142857143,7705.28571428571,0.13178481746185,650.5,17.24,0.05953404401650619,0.05070354620538038,Phase 8
2022-10-08,7681,986,6695,0.128368701991928,8928.85714285714,1192.42857142857,7736.42857142857,0.133547726472753,700.2,18.09,0.061832856027076284,0.053742084064930376,Phase 8
2022-10-09,9015,1125,7890,0.124792013311148,9167.71428571429,1230.85714285714,7936.85714285714,0.134259980677533,707.1,18.29,0.0644696639022261,0.05681797352786756,Phase 8
2022-10-10,10599,1852,8747,0.174733465421266,9498.71428571429,1343,8155.71428571429,0.141387556210615,713.7,18.43,0.0692032576377817,0.06021767338877412,Phase 8
2022-10-11,9492,1369,8123,0.144226717235567,9247.28571428571,1283,7964.28571428571,0.138743415056155,869.9,23.15,0.0711592836946277,0.06295657365327852,Phase 8
2022-10-12,9670,1291,8379,0.133505687693899,9277.85714285714,1290.42857142857,7987.42857142857,0.139086919701286,889.5,21.7,0.07142857142857142,0.06515151594767832,Phase 8
2022-10-13,9354,1116,8238,0.119307248236049,9272.85714285714,1272.14285714286,8000.71428571429,0.137189955322755,858.4,21.43,0.07337562146408366,0.06728618545298187,Phase 8
2022-10-14,9055,1146,7909,0.126559911651022,9266.57142857143,1269.28571428571,7997.28571428571,0.136974686276323,814.5,21.37,0.07300693240901213,0.06921088379476843,Phase 8
2022-10-15,7913,1029,6884,0.130039176039429,9299.71428571429,1275.42857142857,8024.28571428571,0.137147070570524,785.2,21.59,0.07245679282432728,0.07072858905151858,Phase 8
2022-10-16,8875,1013,7862,0.114140845070423,9279.71428571429,1259.42857142857,8020.28571428571,0.135718464238431,779.9,21.63,0.0750704473406129,0.07224298668557383,Phase 8
2022-10-17,10866,1652,9214,0.152033867108412,9317.85714285714,1230.85714285714,8087,0.132096588731315,775.5,21.62,0.0777569767948104,0.07346494656514936,Phase 8
2022-10-18,9374,1214,8160,0.129507147429059,9301,1208.71428571429,8092.28571428571,0.129955304345155,754.4,21.84,0.07937602344221321,0.07463876652909014,Phase 8
2022-10-19,9707,1077,8630,0.110950860203977,9306.28571428571,1178.14285714286,8128.14285714286,0.126596463219944,736.8,22.07,0.07839001291433491,0.0756332581699135,Phase 8
2022-10-20,9079,1024,8055,0.112787751955061,9267,1165,8102,0.125714902341642,715.5,21.4,0.07795560144553433,0.07628754102440645,Phase 8
2022-10-21,8945,1056,7889,0.11805477920626,9251.28571428571,1152.14285714286,8099.14285714286,0.12453867416112,689.8,20.86,0.07629687364683467,0.07675753262980967,Phase 8
2022-10-22,7413,824,6589,0.111156077161743,9179.85714285714,1122.85714285714,8057,0.12231749638183,664.8,20.24,0.07640312241071039,0.07732129399929297,Phase 8
2022-10-23,8467,877,7590,0.103578599267745,9121.57142857143,1103.42857142857,8018.14285714286,0.120969131258712,658.4,20.06,0.07611261694500306,0.0774701753713487,Phase 8
2022-10-24,10436,1245,9191,0.11929858183212,9060.14285714286,1045.28571428571,8014.85714285714,0.115371879976664,655.1,19.93,0.07670356278104462,0.07731968765509646,Phase 8
2022-10-25,9274,982,8292,0.105887427215872,9045.85714285714,1012.14285714286,8033.71428571429,0.111890210198828,613.5,18.52,0.07610421942739408,0.07685228708155087,Phase 8
2022-10-26,9528,881,8647,0.0924643157010915,9020.28571428571,984.142857142857,8036.14285714286,0.1091032909949,568.4,17.18,0.07417747616184177,0.07625049611690898,Phase 8
2022-10-27,8912,816,8096,0.0915619389587074,8996.42857142857,954.428571428571,8042,0.10608971814212,524.1,16.34,0.0723735074306331,0.07545305411478025,Phase 8
2022-10-28,8363,779,7584,0.0931483917254574,8913.28571428571,914.857142857143,7998.42857142857,0.102639719199269,489.7,15.56,0.07084644905351214,0.07467442203001988,Phase 8
2022-10-29,6812,611,6201,0.0896946564885496,8827.42857142857,884.428571428571,7943,0.100190963231486,460.3,14.78,0.06912422387217229,0.0736345793816573,Phase 8
2022-10-30,7426,620,6806,0.0834904389981147,8678.71428571429,847.714285714286,7831,0.0976774044871689,452.6,14.57,0.06923513737823789,0.07265208230069084,Phase 8
2022-10-31,8840,896,7944,0.101357466063348,8450.71428571429,797.857142857143,7652.85714285714,0.0944129828416871,449.2,14.41,0.06837902007338657,0.07146286191388256,Phase 8
2022-11-01,8033,644,7389,0.0801693016307731,8273.42857142857,749.571428571429,7523.85714285714,0.0905998549573506,388.2,12.11,0.06772192513368984,0.07026539130049624,Phase 8
2022-11-02,9259,780,8479,0.084242358786046,8235,735.142857142857,7499.85714285714,0.0892705351721745,324.2,10.98,0.06603333474702065,0.06910194252695036,Phase 8
2022-11-03,8451,547,7904,0.0647260679209561,8169.14285714286,696.714285714286,7472.42857142857,0.0852860940123111,317.5,11.08,0.06274824642947689,0.0677269052410709,Phase 8
2022-11-04,7964,554,7410,0.0695630336514314,8112.14285714286,664.571428571429,7447.57142857143,0.0819230430571454,308.7,10.81,0.06018164841694253,0.06620336229298952,Phase 8
2022-11-05,6836,431,6405,0.0630485664131071,8115.57142857143,638.857142857143,7476.71428571429,0.0787199211392561,298.9,10.59,0.057689018132056104,0.06456976147297293,Phase 8
2022-11-06,8314,503,7811,0.0605003608371422,8242.42857142857,622.142857142857,7620.28571428571,0.0754805275837565,296.2,10.59,0.05757030178326475,0.06290335638797677,Phase 8
2022-11-07,9488,690,8798,0.0727234401349073,8335,592.714285714286,7742.28571428571,0.0711114919873168,292.6,10.46,0.05570190346702923,0.06109233972992571,Phase 8
2022-11-08,8579,564,8015,0.0657419279636321,8413,581.285714285714,7831.71428571429,0.0690937494693586,303.3,10.94,0.054557015684612124,0.05921163838005747,Phase 8
2022-11-09,8771,545,8226,0.0621365864781667,8343.28571428571,547.714285714286,7795.57142857143,0.0656473126380494,312.5,10.86,0.05182577717460452,0.057181987298283735,Phase 8
2022-11-10,7981,450,7531,0.0563839117905024,8276.14285714286,533.857142857143,7742.28571428571,0.0645055495140939,279.6,9.95,0.050524794968767266,0.05543577994675379,Phase 8
2022-11-11,7715,467,7248,0.0605314322747894,8240.57142857143,521.428571428571,7719.14285714286,0.0632757783787532,258.2,9.42,0.04854162231211412,0.053772919074635446,Phase 8
2022-11-12,6719,370,6349,0.0550677184104778,8223.85714285714,512.714285714286,7711.14285714286,0.0623447461219101,245.8,9.18,0.048120558266974915,0.05240599623676671,Phase 8
2022-11-13,7860,412,7448,0.0524173027989822,8159,499.714285714286,7659.28571428571,0.0612470015583142,243.1,9.04,0.0464046103560984,0.05081089746145723,Phase 8
2022-11-14,9173,682,8491,0.0743486318543552,8114,498.571428571429,7615.42857142857,0.0614458255572379,242.7,9.04,0.046735746876465825,0.0495300179485196,Phase 8
2022-11-15,8433,491,7942,0.0582236452033677,8093.14285714286,488.142857142857,7605,0.0603156110993434,228.8,8.69,0.04421927332852843,0.04805319761193621,Phase 8
2022-11-16,8391,452,7939,0.0538672387081397,8038.85714285714,474.857142857143,7564,0.0590702303099232,219.5,8.57,0.042994842309968716,0.04679163548841681,Phase 8
2022-11-17,8009,443,7566,0.0553127731302285,8042.85714285714,473.857142857143,7569,0.0589165186500888,211.7,8.4,0.04038950042337003,0.045343736267645776,Phase 8
2022-11-18,7563,482,7081,0.0637313235488563,8021.14285714286,476,7545.14285714286,0.0593431644938377,206.8,8.46,0.03987573410503022,0.04410575223806236,Phase 8
2022-11-19,6249,332,5917,0.0531285005600896,7954,470.571428571429,7483.42857142857,0.0591616078163727,205,8.42,0.03862128023977735,0.042748712519891284,Phase 8
2022-11-20,7573,357,7216,0.0471411593820151,7913,462.714285714286,7450.28571428571,0.0584752035529238,204.9,8.45,0.03875869173319598,0.04165643843090522,Phase 8
2022-11-21,9193,608,8585,0.0661372783639726,7915.85714285714,452.142857142857,7463.71428571429,0.0571186226561513,203.8,8.4,0.039156369833830425,0.040573670281957304,Phase 8
2022-11-22,8011,425,7586,0.0530520534265385,7855.57142857143,442.714285714286,7412.85714285714,0.0563567258906327,200.9,8.63,0.03970296611957301,0.039928483537820816,Phase 8
2022-11-23,8276,410,7866,0.0495408409859836,7839.14285714286,436.714285714286,7402.42857142857,0.0557094434522725,200.9,8.75,0.039097172323428714,0.039371673539743676,Phase 8
2022-11-24,7987,398,7589,0.0498309753349192,7836,430.285714285714,7405.71428571429,0.0549113979435572,202.6,8.86,0.037976291278577476,0.039026929376201884,Phase 8
2022-11-25,7393,432,6961,0.0584336534559719,7811.71428571429,423.142857142857,7388.57142857143,0.0541677334406203,203.8,8.97,0.03784452598344569,0.03873675678740409,Phase 8
2022-11-26,6224,315,5909,0.0506105398457584,7808.14285714286,420.714285714286,7387.42857142857,0.0538814790420257,204.3,9.18,0.0378969957081545,0.03863328756860083,Phase 8
2022-11-27,7456,339,7117,0.0454667381974249,7791.42857142857,418.142857142857,7373.28571428571,0.0536670333700037,204.8,9.23,0.03865546218487395,0.03861854049026911,Phase 8
2022-11-28,8461,597,7864,0.0705590355749911,7686.85714285714,416.571428571429,7270.28571428571,0.054192685102587,204.9,9.32,0.039509536784741145,0.038668992911827786,Phase 8
2022-11-29,7508,455,7053,0.0606020245071923,7615,420.857142857143,7194.14285714286,0.0552668605196511,208.4,9.82,0.037947848208607166,0.038418261781689805,Phase 8
2022-11-30,7719,409,7310,0.0529861381007903,7535.42857142857,420.714285714286,7114.71428571429,0.0558315007204065,213.9,10.23,0.03811782643683029,0.03827835522646146,Phase 8
2022-12-01,6842,366,6476,0.0534931306635487,7371.85714285714,416.142857142857,6955.71428571429,0.0564502063833498,217.5,10.65,0.037525527569775355,0.0382139604109183,Phase 8
2022-12-02,6379,369,6010,0.0578460573757642,7227,407.142857142857,6819.85714285714,0.0563363577062207,219.7,10.97,0.03852553436580059,0.03831124732268328,Phase 8
2022-12-03,5605,308,5297,0.0549509366636931,7138.57142857143,406.142857142857,6732.42857142857,0.0568941364818891,221.5,11.12,0.04000172793641194,0.03861192335529149,Phase 8
2022-12-04,7001,303,6698,0.0432795314955006,7073.57142857143,401,6672.57142857143,0.0566898919519338,221.7,11.13,0.04117774410045465,0.03897224934323159,Phase 8
2022-12-05,7912,568,7344,0.0717896865520728,6995.14285714286,396.857142857143,6598.28571428571,0.0567332434750643,222,11.24,0.04177973036998751,0.039296562712552496,Phase 8
2022-12-06,7165,401,6764,0.0559665038381019,6946.14285714286,389.142857142857,6557,0.0560228698352632,222.3,11.55,0.04340932464861159,0.04007677363255313,Phase 8
2022-12-07,7425,406,7019,0.0546801346801347,6904.14285714286,388.714285714286,6515.42857142857,0.0563015994537441,226.2,11.9,0.042479317587551975,0.04069984379694194,Phase 8
2022-12-08,7202,410,6792,0.0569286309358512,6955.57142857143,395,6560.57142857143,0.0567890077840991,229.8,12.16,0.041643388198891226,0.04128810960110135,Phase 8
2022-12-09,6363,390,5973,0.0612918434700613,6953.28571428571,398,6555.28571428571,0.0572391264150556,234,12.41,0.043230649754077144,0.04196026894228372,Phase 8
2022-12-10,5365,341,5024,0.0635601118359739,6919,402.714285714286,6516.28571428571,0.0582041170276464,237.1,12.85,0.042800366860287375,0.04236007450283735,Phase 8
2022-12-11,6290,301,5989,0.0478537360890302,6817.42857142857,402.428571428571,6415,0.0590293784837182,239.3,13.01,0.04318151988449928,0.0426463281862723,Phase 8
2022-12-12,8127,614,7513,0.0755506336901686,6848.14285714286,409,6439.14285714286,0.0597242213738866,239.7,13.03,0.04642065458338766,0.04330931735961518,Phase 8
2022-12-13,6972,466,6506,0.0668387837062536,6820.57142857143,418.285714285714,6402.28571428571,0.0613270777479893,247.4,13.7,0.04786658003032272,0.043946068128431055,Phase 8
2022-12-14,6875,424,6451,0.0616727272727273,6742,420.857142857143,6321.14285714286,0.0624231893884816,251,14.27,0.04648643964994368,0.04451851413734416,Phase 8
2022-12-15,6884,403,6481,0.0585415456130157,6696.57142857143,419.857142857143,6276.71428571429,0.0626973291236454,259.6,14.6,0.046924650676881556,0.04527298020562849,Phase 8
2022-12-16,6208,434,5774,0.069909793814433,6674.42857142857,426.142857142857,6248.28571428571,0.0638470923139488,265.1,14.89,0.048921803528643,0.04608600217342361,Phase 8
2022-12-17,5387,350,5037,0.0649712270280304,6677.57142857143,427.428571428571,6250.14285714286,0.0640095843227863,267.5,15.05,0.048536006330783435,0.046905379240637333,Phase 8
2022-12-18,6188,382,5806,0.061732385261797,6663,439,6224,0.0658862374305868,267.3,15.11,0.050163384262121344,0.04790278843744049,Phase 8
2022-12-19,7318,633,6685,0.0864990434544958,6547.42857142857,441.714285714286,6105.71428571429,0.0674637807645313,267.8,15.17,0.05164381153305204,0.04864895371596397,Phase 8
2022-12-20,7172,583,6589,0.0812883435582822,6576,458.428571428571,6117.57142857143,0.0697123740006952,271.5,15.48,0.05218833180608282,0.049266346826786836,Phase 8
2022-12-21,7188,548,6640,0.0762381747356706,6620.71428571429,476.142857142857,6144.57142857143,0.07191714316539,273.5,16,0.053680446537589396,0.050294062096450515,Phase 8
2022-12-22,7011,575,6436,0.0820139780345172,6638.85714285714,500.714285714286,6138.14285714286,0.0754217593389568,273.6,16.4,0.0542842169621801,0.051345428708636016,Phase 8
2022-12-23,6421,525,5896,0.0817629652702071,6669.28571428571,513.714285714286,6155.57142857143,0.0770268822962407,276.3,16.7,0.05561394289717989,0.052301448618427004,Phase 8
2022-12-24,6104,394,5710,0.0645478374836173,6771.71428571429,520,6251.71428571429,0.0767900088603856,279.1,16.86,0.05476860812950906,0.053191820303959234,Phase 8
2022-12-25,4716,282,4434,0.0597964376590331,6561.42857142857,505.714285714286,6055.71428571429,0.077073807968648,278.7,16.74,0.05580740284318472,0.05399810867268258,Phase 8
2022-12-26,5452,330,5122,0.0605282465150404,6294.85714285714,462.428571428571,5832.42857142857,0.0734613289760349,278.2,16.62,0.05772107347118346,0.054866288949558494,Phase 8
2022-12-27,5892,609,5283,0.103360488798371,6112,466.142857142857,5645.85714285714,0.0762668287210172,224.8,12.88,0.06056097667702271,0.05606238107397848,Phase 8
2022-12-28,5674,473,5201,0.0833627070849489,5895.71428571429,455.428571428571,5440.28571428571,0.0772473952023262,220.4,13.36,0.06040677670833152,0.05702328538408449,Phase 8
2022-12-29,5321,419,4902,0.0787445968802857,5654.28571428571,433.142857142857,5221.14285714286,0.0766043456291056,214.1,13.26,0.06043956043956044,0.0579026201665674,Phase 8
2022-12-30,4994,387,4607,0.0774929915899079,5450.42857142857,413.428571428571,5037,0.0758524886640631,201.9,12.99,0.06120840630472855,0.058701829224788636,Phase 8
2022-12-31,3872,263,3609,0.0679235537190083,5131.57142857143,394.714285714286,4736.85714285714,0.076918794020211,187.9,12.43,0.059880764509907064,0.05943213727913121,Phase 8
2023-01-01,3431,185,3246,0.0539201399009035,4948,380.857142857143,4567.14285714286,0.0769719367132463,184.3,12.4,0.06039060785604564,0.06008688085239706,Phase 8
2023-01-02,6111,482,5629,0.0788741613483881,5042.14285714286,402.571428571429,4639.57142857143,0.0798413372999008,182.1,12.33,0.06048772021175041,0.06048211610104948,Phase 8
2023-01-03,5519,308,5211,0.0558072114513499,4988.85714285714,359.571428571429,4629.28571428571,0.0720749097989806,218.5,15.19,0.05976507034981283,0.06036841519716235,Phase 8
2023-01-04,5577,255,5322,0.0457235072619688,4975,328.428571428571,4646.57142857143,0.0660157932519742,202.3,13.5,0.05788457412572409,0.06000810054250415,Phase 8
2023-01-05,5168,218,4950,0.0421826625386997,4953.14285714286,299.714285714286,4653.42857142857,0.0605099215505307,184.2,12.64,0.05623524361450955,0.059407483853211165,Phase 8
2023-01-06,4910,204,4706,0.0415478615071283,4941.14285714286,273.571428571429,4667.57142857143,0.055366022898115,172.3,11.97,0.05585003232062056,0.05864200185548145,Phase 8
2023-01-07,4068,156,3912,0.0383480825958702,4969.14285714286,258.285714285714,4710.85714285714,0.0519779208831647,159.7,11.24,0.05554104640027858,0.05802204212553452,Phase 8
2023-01-08,5286,163,5123,0.0308361710177828,5234.14285714286,255.142857142857,4979,0.0487458718851497,157.5,11.11,0.055885175813628826,0.057378408976617834,Phase 8
2023-01-09,6337,246,6091,0.0388196307400978,5266.42857142857,221.428571428571,5045,0.042045300420453,156.5,10.97,0.05527573292005682,0.05663383936351875,Phase 8
2023-01-10,5531,162,5369,0.0292894594105948,5268.14285714286,200.571428571429,5067.57142857143,0.0380725113214199,145.4,10.34,0.05158274909708944,0.05546493632741541,Phase 8
2023-01-11,5688,178,5510,0.0312939521800281,5284,189.571428571429,5094.42857142857,0.0358765004866443,131.7,9.59,0.04866601835017547,0.05414799978805132,Phase 8
2023-01-12,5158,122,5036,0.0236525785188057,5282.57142857143,175.857142857143,5106.71428571429,0.033290064362594,121.7,8.92,0.046635407426181726,0.0527765946182902,Phase 8
2023-01-13,4738,119,4619,0.0251160827353314,5258,163.714285714286,5094.28571428571,0.0311362277889475,111.8,8.24,0.0449796126401631,0.05122367752108199,Phase 8
2023-01-14,4205,85,4120,0.0202140309155767,5277.57142857143,153.571428571429,5124,0.0290988820615543,108.4,8.18,0.042530500810511046,0.0493650281511152,Phase 8
2023-01-15,5043,101,4942,0.0200277612532223,5242.85714285714,144.714285714286,5098.14285714286,0.0276021798365123,107.5,8.08,0.04264264264264264,0.04747323769811718,Phase 8
2023-01-16,5904,168,5736,0.0284552845528455,5181,133.571428571429,5047.42857142857,0.0257810130421595,107,8.02,0.04061237507973634,0.04537847229235711,Phase 8
2023-01-17,5160,117,5043,0.0226744186046512,5128,127.142857142857,5000.85714285714,0.024793848896813,94.6,7.15,0.037973075946151895,0.043434233270794605,Phase 8
2023-01-18,5410,110,5300,0.0203327171903882,5088.28571428571,117.428571428571,4970.85714285714,0.0230782188780953,85.7,6.67,0.0358513644607533,0.04160356842944858,Phase 8
2023-01-19,4677,98,4579,0.0209536027367971,5019.57142857143,114,4905.57142857143,0.0227111022568802,79.5,6.32,0.034733917143819466,0.039903355531968256,Phase 8
2023-01-20,4660,90,4570,0.01931330472103,5008.42857142857,109.857142857143,4898.57142857143,0.021934453350067,77.1,6.15,0.03251657296299404,0.03812292129237268,Phase 8
2023-01-21,3634,82,3552,0.0225646670335718,4926.85714285714,109.428571428571,4817.42857142857,0.0222106239851543,75.9,5.9,0.03048393242728312,0.03640198295191154,Phase 8
2023-01-22,4517,87,4430,0.019260571175559,4851.71428571429,107.428571428571,4744.28571428571,0.0221423944408457,75.6,5.87,0.02971307120085016,0.03455490131736976,Phase 8
